dataset,rows,accuracy,f1_score
minority_balanced,85234,0.764593578247035,0.7725926339909461
