dataset,rows,accuracy,f1_score
original,43400,0.9819124423963134,0.0
normal_augmented,130200,0.9819508448540707,0.0
group_based_augmented,130200,0.9814516129032258,0.0
